id,drug_name,adr,release_date,source,source_url,pdf_url,local_file
1,Tranexamic Acid,Back Pain,2026-Jul-21,CDSCO,https://cdsco.gov.in/opencms/opencms/en/Notifications/Adverse-Drug-Reaction-related-Notifications/,https://cdsco.gov.in/opencms/opencms/system/modules/CDSCO.WEB/elements/download_file_division.jsp?num_id=MTQ1NTk=,data\cdsco\adr\001_Tranexamic_Acid_Back_Pain.pdf
2,Aceclofenac,Fixed Drug Eruption (FDE),2026-Jul-21,CDSCO,https://cdsco.gov.in/opencms/opencms/en/Notifications/Adverse-Drug-Reaction-related-Notifications/,https://cdsco.gov.in/opencms/opencms/system/modules/CDSCO.WEB/elements/download_file_division.jsp?num_id=MTQ1MzE=,data\cdsco\adr\002_Aceclofenac_Fixed_Drug_Eruption_(FDE).pdf
3,Tranexamic Acid,Back Pain,2026-Jul-21,CDSCO,https://cdsco.gov.in/opencms/opencms/en/Notifications/Adverse-Drug-Reaction-related-Notifications/,https://cdsco.gov.in/opencms/opencms/system/modules/CDSCO.WEB/elements/download_file_division.jsp?num_id=MTQ1MzI=,data\cdsco\adr\003_Tranexamic_Acid_Back_Pain.pdf
4,Ibuprofen,Fixed Drug Eruption,2026-Jul-21,CDSCO,https://cdsco.gov.in/opencms/opencms/en/Notifications/Adverse-Drug-Reaction-related-Notifications/,https://cdsco.gov.in/opencms/opencms/system/modules/CDSCO.WEB/elements/download_file_division.jsp?num_id=MTQ1MzA=,data\cdsco\adr\004_Ibuprofen_Fixed_Drug_Eruption.pdf
5,Vancomycin,Dress Syndrome,2026-Jul-06,CDSCO,https://cdsco.gov.in/opencms/opencms/en/Notifications/Adverse-Drug-Reaction-related-Notifications/,https://cdsco.gov.in/opencms/opencms/system/modules/CDSCO.WEB/elements/download_file_division.jsp?num_id=MTQ0NDI=,data\cdsco\adr\005_Vancomycin_Dress_Syndrome.pdf
6,Oral Itraconazole,Symmetrical Drug Related-Intertriginous and Flexural Exanthema,2026-Jul-06,CDSCO,https://cdsco.gov.in/opencms/opencms/en/Notifications/Adverse-Drug-Reaction-related-Notifications/,https://cdsco.gov.in/opencms/opencms/system/modules/CDSCO.WEB/elements/download_file_division.jsp?num_id=MTQ0NDU=,data\cdsco\adr\006_Oral_Itraconazole_Symmetrical_Drug_Related-Intertriginous_and_Flexural_Exanthema.pdf
7,Metronidazole,Fixed Drug Eruption (FDE),2026-Jul-06,CDSCO,https://cdsco.gov.in/opencms/opencms/en/Notifications/Adverse-Drug-Reaction-related-Notifications/,https://cdsco.gov.in/opencms/opencms/system/modules/CDSCO.WEB/elements/download_file_division.jsp?num_id=MTQ0NDY=,data\cdsco\adr\007_Metronidazole_Fixed_Drug_Eruption_(FDE).pdf
8,Piperacillin + Tazobactam,Blurred Vision,2026-Jul-06,CDSCO,https://cdsco.gov.in/opencms/opencms/en/Notifications/Adverse-Drug-Reaction-related-Notifications/,https://cdsco.gov.in/opencms/opencms/system/modules/CDSCO.WEB/elements/download_file_division.jsp?num_id=MTQ1Nzk=,data\cdsco\adr\008_Piperacillin_+_Tazobactam_Blurred_Vision.pdf
9,Tetracycline,Fixed Drug Eruption (FDE),2026-Jul-06,CDSCO,https://cdsco.gov.in/opencms/opencms/en/Notifications/Adverse-Drug-Reaction-related-Notifications/,https://cdsco.gov.in/opencms/opencms/system/modules/CDSCO.WEB/elements/download_file_division.jsp?num_id=MTQ0NDM=,data\cdsco\adr\009_Tetracycline_Fixed_Drug_Eruption_(FDE).pdf
10,Cotrimoxazole,Fixed Drug Eruption (FDE),2026-Jul-06,CDSCO,https://cdsco.gov.in/opencms/opencms/en/Notifications/Adverse-Drug-Reaction-related-Notifications/,https://cdsco.gov.in/opencms/opencms/system/modules/CDSCO.WEB/elements/download_file_division.jsp?num_id=MTQ0NDc=,data\cdsco\adr\010_Cotrimoxazole_Fixed_Drug_Eruption_(FDE).pdf
11,Doxycycline,"Restlessness, Anxiety, Irritability, Nervousness, and Dizziness",2026-Feb-17,CDSCO,https://cdsco.gov.in/opencms/opencms/en/Notifications/Adverse-Drug-Reaction-related-Notifications/,https://cdsco.gov.in/opencms/opencms/system/modules/CDSCO.WEB/elements/download_file_division.jsp?num_id=MTM4Njk=,"data\cdsco\adr\011_Doxycycline_Restlessness,_Anxiety,_Irritability,_Nervousness,_and_Dizziness.pdf"
12,Carbimazole,Agranulocytosis,2026-Feb-17,CDSCO,https://cdsco.gov.in/opencms/opencms/en/Notifications/Adverse-Drug-Reaction-related-Notifications/,https://cdsco.gov.in/opencms/opencms/system/modules/CDSCO.WEB/elements/download_file_division.jsp?num_id=MTM4Njc=,data\cdsco\adr\012_Carbimazole_Agranulocytosis.pdf
13,Losartan,Muscle spasm,2026-Feb-06,CDSCO,https://cdsco.gov.in/opencms/opencms/en/Notifications/Adverse-Drug-Reaction-related-Notifications/,https://cdsco.gov.in/opencms/opencms/system/modules/CDSCO.WEB/elements/download_file_division.jsp?num_id=MTQxNjA=,data\cdsco\adr\013_Losartan_Muscle_spasm.pdf
14,Itraconazole,Photosensitivity,2026-Feb-04,CDSCO,https://cdsco.gov.in/opencms/opencms/en/Notifications/Adverse-Drug-Reaction-related-Notifications/,https://cdsco.gov.in/opencms/opencms/system/modules/CDSCO.WEB/elements/download_file_division.jsp?num_id=MTQzMTU=,data\cdsco\adr\014_Itraconazole_Photosensitivity.pdf
15,Paracetamol,Fixed Drug Eruption,2023-Feb-06,CDSCO,https://cdsco.gov.in/opencms/opencms/en/Notifications/Adverse-Drug-Reaction-related-Notifications/,https://cdsco.gov.in/opencms/opencms/system/modules/CDSCO.WEB/elements/download_file_division.jsp?num_id=MTQxNjU=,data\cdsco\adr\015_Paracetamol_Fixed_Drug_Eruption.pdf
16,Piroxicam,Fixed Drug Eruption,2023-Feb-06,CDSCO,https://cdsco.gov.in/opencms/opencms/en/Notifications/Adverse-Drug-Reaction-related-Notifications/,https://cdsco.gov.in/opencms/opencms/system/modules/CDSCO.WEB/elements/download_file_division.jsp?num_id=MTQxNTY=,data\cdsco\adr\016_Piroxicam_Fixed_Drug_Eruption.pdf
17,Covishield SRP,Syndrome GBS,2023-Feb-03,CDSCO,https://cdsco.gov.in/opencms/opencms/en/Notifications/Adverse-Drug-Reaction-related-Notifications/,https://cdsco.gov.in/opencms/opencms/system/modules/CDSCO.WEB/elements/download_file_division.jsp?num_id=MTE4MTY=,data\cdsco\adr\017_Covishield_SRP_Syndrome_GBS.pdf
18,Covaxin SRP,Syndrome GBS,2023-Feb-03,CDSCO,https://cdsco.gov.in/opencms/opencms/en/Notifications/Adverse-Drug-Reaction-related-Notifications/,https://cdsco.gov.in/opencms/opencms/system/modules/CDSCO.WEB/elements/download_file_division.jsp?num_id=MTE4MTU=,data\cdsco\adr\018_Covaxin_SRP_Syndrome_GBS.pdf
19,Oseltamivir,Sinus Bradycardia/Bradycardia,2022-Sep-20,CDSCO,https://cdsco.gov.in/opencms/opencms/en/Notifications/Adverse-Drug-Reaction-related-Notifications/,https://cdsco.gov.in/opencms/opencms/system/modules/CDSCO.WEB/elements/download_file_division.jsp?num_id=MTQxNTU=,data\cdsco\adr\019_Oseltamivir_Sinus_Bradycardia_Bradycardia.pdf
20,Piperacillin + Tazobactuam,Acute generalized exanthematous pustulosis (AGEP),2022-Sep-20,CDSCO,https://cdsco.gov.in/opencms/opencms/en/Notifications/Adverse-Drug-Reaction-related-Notifications/,https://cdsco.gov.in/opencms/opencms/system/modules/CDSCO.WEB/elements/download_file_division.jsp?num_id=MTQxNjY=,data\cdsco\adr\020_Piperacillin_+_Tazobactuam_Acute_generalized_exanthematous_pustulosis_(AGEP).pdf
21,Remdesivir,Sinus bradycardia,2022-Sep-20,CDSCO,https://cdsco.gov.in/opencms/opencms/en/Notifications/Adverse-Drug-Reaction-related-Notifications/,https://cdsco.gov.in/opencms/opencms/system/modules/CDSCO.WEB/elements/download_file_division.jsp?num_id=MTQxNjg=,data\cdsco\adr\021_Remdesivir_Sinus_bradycardia.pdf
22,Tigecycline,Coagulopathy,2022-Sep-20,CDSCO,https://cdsco.gov.in/opencms/opencms/en/Notifications/Adverse-Drug-Reaction-related-Notifications/,https://cdsco.gov.in/opencms/opencms/system/modules/CDSCO.WEB/elements/download_file_division.jsp?num_id=MTQxNjk=,data\cdsco\adr\022_Tigecycline_Coagulopathy.pdf
23,Cephalosporins,Fixed Drug Eruption,2022-Sep-20,CDSCO,https://cdsco.gov.in/opencms/opencms/en/Notifications/Adverse-Drug-Reaction-related-Notifications/,https://cdsco.gov.in/opencms/opencms/system/modules/CDSCO.WEB/elements/download_file_division.jsp?num_id=MTQxNDc=,data\cdsco\adr\023_Cephalosporins_Fixed_Drug_Eruption.pdf
24,Haloperidol,Cogwheel rigidity,2022-Jul-04,CDSCO,https://cdsco.gov.in/opencms/opencms/en/Notifications/Adverse-Drug-Reaction-related-Notifications/,https://cdsco.gov.in/opencms/opencms/system/modules/CDSCO.WEB/elements/download_file_division.jsp?num_id=MTQxNTc=,data\cdsco\adr\024_Haloperidol_Cogwheel_rigidity.pdf
25,Mannitol,Hypokalaemia,2022-Jun-24,CDSCO,https://cdsco.gov.in/opencms/opencms/en/Notifications/Adverse-Drug-Reaction-related-Notifications/,https://cdsco.gov.in/opencms/opencms/system/modules/CDSCO.WEB/elements/download_file_division.jsp?num_id=MTQxNTM=,data\cdsco\adr\025_Mannitol_Hypokalaemia.pdf
26,Mefenamic acid,Fixed Drug Eruption,2022-Jun-14,CDSCO,https://cdsco.gov.in/opencms/opencms/en/Notifications/Adverse-Drug-Reaction-related-Notifications/,https://cdsco.gov.in/opencms/opencms/system/modules/CDSCO.WEB/elements/download_file_division.jsp?num_id=MTQxNjI=,data\cdsco\adr\026_Mefenamic_acid_Fixed_Drug_Eruption.pdf
27,Docetaxel,Candidiasis,2022-Jun-14,CDSCO,https://cdsco.gov.in/opencms/opencms/en/Notifications/Adverse-Drug-Reaction-related-Notifications/,https://cdsco.gov.in/opencms/opencms/system/modules/CDSCO.WEB/elements/download_file_division.jsp?num_id=MTQxNTg=,data\cdsco\adr\027_Docetaxel_Candidiasis.pdf
28,Tramadol,Urinary Retention,2022-Jun-14,CDSCO,https://cdsco.gov.in/opencms/opencms/en/Notifications/Adverse-Drug-Reaction-related-Notifications/,https://cdsco.gov.in/opencms/opencms/system/modules/CDSCO.WEB/elements/download_file_division.jsp?num_id=MTQzMDU=,data\cdsco\adr\028_Tramadol_Urinary_Retention.pdf
29,Olanzapine,Hyponatraemia,2022-Jun-04,CDSCO,https://cdsco.gov.in/opencms/opencms/en/Notifications/Adverse-Drug-Reaction-related-Notifications/,https://cdsco.gov.in/opencms/opencms/system/modules/CDSCO.WEB/elements/download_file_division.jsp?num_id=MTQxNjQ=,data\cdsco\adr\029_Olanzapine_Hyponatraemia.pdf
30,Pulmonary Surfactant,Pulmonary Haemorrhage,2022-May-13,CDSCO,https://cdsco.gov.in/opencms/opencms/en/Notifications/Adverse-Drug-Reaction-related-Notifications/,https://cdsco.gov.in/opencms/opencms/system/modules/CDSCO.WEB/elements/download_file_division.jsp?num_id=MTQxNDI=,data\cdsco\adr\030_Pulmonary_Surfactant_Pulmonary_Haemorrhage.pdf
31,Ceftriaxone,Stevenson Johnson Syndrome,2022-Feb-04,CDSCO,https://cdsco.gov.in/opencms/opencms/en/Notifications/Adverse-Drug-Reaction-related-Notifications/,https://cdsco.gov.in/opencms/opencms/system/modules/CDSCO.WEB/elements/download_file_division.jsp?num_id=MTQzMDk=,data\cdsco\adr\031_Ceftriaxone_Stevenson_Johnson_Syndrome.pdf
32,Amoxicillin/Clavulanate,Stevenson Johnson Syndrome SJS/Toxic Epidermal Necrosis (TEN),2022-Feb-04,CDSCO,https://cdsco.gov.in/opencms/opencms/en/Notifications/Adverse-Drug-Reaction-related-Notifications/,https://cdsco.gov.in/opencms/opencms/system/modules/CDSCO.WEB/elements/download_file_division.jsp?num_id=MTQzMTc=,data\cdsco\adr\032_Amoxicillin_Clavulanate_Stevenson_Johnson_Syndrome_SJS_Toxic_Epidermal_Necrosis_(TEN).pdf
33,Azithromycin,Acute generalized Exanthematosus Pustulosis,2022-Feb-04,CDSCO,https://cdsco.gov.in/opencms/opencms/en/Notifications/Adverse-Drug-Reaction-related-Notifications/,https://cdsco.gov.in/opencms/opencms/system/modules/CDSCO.WEB/elements/download_file_division.jsp?num_id=MTQzMTE=,data\cdsco\adr\033_Azithromycin_Acute_generalized_Exanthematosus_Pustulosis.pdf
34,Ciprofloxacin,Stevenson Johnson Syndrome SJS/Toxic Epidermal Necrosis (TEN),2022-Feb-04,CDSCO,https://cdsco.gov.in/opencms/opencms/en/Notifications/Adverse-Drug-Reaction-related-Notifications/,https://cdsco.gov.in/opencms/opencms/system/modules/CDSCO.WEB/elements/download_file_division.jsp?num_id=MTQzMTg=,data\cdsco\adr\034_Ciprofloxacin_Stevenson_Johnson_Syndrome_SJS_Toxic_Epidermal_Necrosis_(TEN).pdf
35,Cloxacillin,Acute generalized Exanthematosus Pustulosis,2022-Feb-04,CDSCO,https://cdsco.gov.in/opencms/opencms/en/Notifications/Adverse-Drug-Reaction-related-Notifications/,https://cdsco.gov.in/opencms/opencms/system/modules/CDSCO.WEB/elements/download_file_division.jsp?num_id=MTQzMTQ=,data\cdsco\adr\035_Cloxacillin_Acute_generalized_Exanthematosus_Pustulosis.pdf
36,"Dipeptidyl Peptidase-4 (DPP4) Inhibitors like Sitagliptin, Vildagliptin, Saxagliptin etc.",Arthralgia,2022-Feb-04,CDSCO,https://cdsco.gov.in/opencms/opencms/en/Notifications/Adverse-Drug-Reaction-related-Notifications/,https://cdsco.gov.in/opencms/opencms/system/modules/CDSCO.WEB/elements/download_file_division.jsp?num_id=MTQzMTk=,"data\cdsco\adr\036_Dipeptidyl_Peptidase-4_(DPP4)_Inhibitors_like_Sitagliptin,_Vildagliptin,_Saxagliptin_etc._Arthralgia.pdf"
37,Ibuprofen,Stevenson Johnson Syndrome (SJS)/ Toxic Epidermal Necrosis (TEN),2022-Feb-04,CDSCO,https://cdsco.gov.in/opencms/opencms/en/Notifications/Adverse-Drug-Reaction-related-Notifications/,https://cdsco.gov.in/opencms/opencms/system/modules/CDSCO.WEB/elements/download_file_division.jsp?num_id=MTQzMTY=,data\cdsco\adr\037_Ibuprofen_Stevenson_Johnson_Syndrome_(SJS)_Toxic_Epidermal_Necrosis_(TEN).pdf
38,Ranitidine,Cardiac arrest,2022-Feb-04,CDSCO,https://cdsco.gov.in/opencms/opencms/en/Notifications/Adverse-Drug-Reaction-related-Notifications/,https://cdsco.gov.in/opencms/opencms/system/modules/CDSCO.WEB/elements/download_file_division.jsp?num_id=MTQzMTI=,data\cdsco\adr\038_Ranitidine_Cardiac_arrest.pdf
39,Tinidazole,Fixed Drug Eruption (FDE),2022-Feb-04,CDSCO,https://cdsco.gov.in/opencms/opencms/en/Notifications/Adverse-Drug-Reaction-related-Notifications/,https://cdsco.gov.in/opencms/opencms/system/modules/CDSCO.WEB/elements/download_file_division.jsp?num_id=MTQzMjE=,data\cdsco\adr\039_Tinidazole_Fixed_Drug_Eruption_(FDE).pdf
40,Lamotrigine,Stevens Johnson syndrome (SJS) and Toxic Epidermal Necrolysis (TEN),2021-Nov-09,CDSCO,https://cdsco.gov.in/opencms/opencms/en/Notifications/Adverse-Drug-Reaction-related-Notifications/,https://cdsco.gov.in/opencms/opencms/system/modules/CDSCO.WEB/elements/download_file_division.jsp?num_id=MTQxNTQ=,data\cdsco\adr\040_Lamotrigine_Stevens_Johnson_syndrome_(SJS)_and_Toxic_Epidermal_Necrolysis_(TEN).pdf
41,Benidipine,Photosensitivity reaction,2021-Mar-09,CDSCO,https://cdsco.gov.in/opencms/opencms/en/Notifications/Adverse-Drug-Reaction-related-Notifications/,https://cdsco.gov.in/opencms/opencms/system/modules/CDSCO.WEB/elements/download_file_division.jsp?num_id=MTQxNDQ=,data\cdsco\adr\041_Benidipine_Photosensitivity_reaction.pdf
42,Alfuzosin,Palpitation,2021-Mar-09,CDSCO,https://cdsco.gov.in/opencms/opencms/en/Notifications/Adverse-Drug-Reaction-related-Notifications/,https://cdsco.gov.in/opencms/opencms/system/modules/CDSCO.WEB/elements/download_file_division.jsp?num_id=MTQxNDE=,data\cdsco\adr\042_Alfuzosin_Palpitation.pdf
43,Pentoxifylline,Palpitation,2021-Mar-09,CDSCO,https://cdsco.gov.in/opencms/opencms/en/Notifications/Adverse-Drug-Reaction-related-Notifications/,https://cdsco.gov.in/opencms/opencms/system/modules/CDSCO.WEB/elements/download_file_division.jsp?num_id=MTQxNTk=,data\cdsco\adr\043_Pentoxifylline_Palpitation.pdf
44,Chloroquine,SJS-TEN,2020-Jan-30,CDSCO,https://cdsco.gov.in/opencms/opencms/en/Notifications/Adverse-Drug-Reaction-related-Notifications/,https://cdsco.gov.in/opencms/opencms/system/modules/CDSCO.WEB/elements/download_file_division.jsp?num_id=NTYxNg==,data\cdsco\adr\044_Chloroquine_SJS-TEN.pdf
45,Lamivudine,Hearing Loss,2020-Jan-13,CDSCO,https://cdsco.gov.in/opencms/opencms/en/Notifications/Adverse-Drug-Reaction-related-Notifications/,https://cdsco.gov.in/opencms/opencms/system/modules/CDSCO.WEB/elements/download_file_division.jsp?num_id=NTYxNw==,data\cdsco\adr\045_Lamivudine_Hearing_Loss.pdf
46,Proton Pump Inhibitor,Acute Kidney Injury,2019-Nov-04,CDSCO,https://cdsco.gov.in/opencms/opencms/en/Notifications/Adverse-Drug-Reaction-related-Notifications/,https://cdsco.gov.in/opencms/opencms/system/modules/CDSCO.WEB/elements/download_file_division.jsp?num_id=NTYxNQ==,data\cdsco\adr\046_Proton_Pump_Inhibitor_Acute_Kidney_Injury.pdf
47,Diclofenac,Nicolaus syndrome,2019-Jul-24,CDSCO,https://cdsco.gov.in/opencms/opencms/en/Notifications/Adverse-Drug-Reaction-related-Notifications/,https://cdsco.gov.in/opencms/opencms/system/modules/CDSCO.WEB/elements/download_file_division.jsp?num_id=NTYxNA==,data\cdsco\adr\047_Diclofenac_Nicolaus_syndrome.pdf
48,Meropenem,Hypokalemia,2019-Jun-19,CDSCO,https://cdsco.gov.in/opencms/opencms/en/Notifications/Adverse-Drug-Reaction-related-Notifications/,https://cdsco.gov.in/opencms/opencms/system/modules/CDSCO.WEB/elements/download_file_division.jsp?num_id=NTYxMA==,data\cdsco\adr\048_Meropenem_Hypokalemia.pdf
49,CarbamazepineD,Drug Rash with Eosinophilia and Systemic Symptom (DRESS)t,2019-Jun-19,CDSCO,https://cdsco.gov.in/opencms/opencms/en/Notifications/Adverse-Drug-Reaction-related-Notifications/,https://cdsco.gov.in/opencms/opencms/system/modules/CDSCO.WEB/elements/download_file_division.jsp?num_id=NTYxMw==,data\cdsco\adr\049_CarbamazepineD_Drug_Rash_with_Eosinophilia_and_Systemic_Symptom_(DRESS)t.pdf
50,Artemether + Lumefantrine,Steven Johnson Syndrome (SJS)a,2019-Jun-19,CDSCO,https://cdsco.gov.in/opencms/opencms/en/Notifications/Adverse-Drug-Reaction-related-Notifications/,https://cdsco.gov.in/opencms/opencms/system/modules/CDSCO.WEB/elements/download_file_division.jsp?num_id=NTYxMQ==,data\cdsco\adr\050_Artemether_+_Lumefantrine_Steven_Johnson_Syndrome_(SJS)a.pdf
51,Phenobarbital,Drug Rash with Eosinophilia and Systemic Symptom (DRESS)1,2019-Jun-16,CDSCO,https://cdsco.gov.in/opencms/opencms/en/Notifications/Adverse-Drug-Reaction-related-Notifications/,https://cdsco.gov.in/opencms/opencms/system/modules/CDSCO.WEB/elements/download_file_division.jsp?num_id=NTYwOQ==,data\cdsco\adr\051_Phenobarbital_Drug_Rash_with_Eosinophilia_and_Systemic_Symptom_(DRESS)1.pdf
52,Amlodipine,Gingival Hypertrophy,2019-Jun-13,CDSCO,https://cdsco.gov.in/opencms/opencms/en/Notifications/Adverse-Drug-Reaction-related-Notifications/,https://cdsco.gov.in/opencms/opencms/system/modules/CDSCO.WEB/elements/download_file_division.jsp?num_id=NTYwNw==,data\cdsco\adr\052_Amlodipine_Gingival_Hypertrophy.pdf
53,Carvedilol,Hyperkalemia,2019-Jun-13,CDSCO,https://cdsco.gov.in/opencms/opencms/en/Notifications/Adverse-Drug-Reaction-related-Notifications/,https://cdsco.gov.in/opencms/opencms/system/modules/CDSCO.WEB/elements/download_file_division.jsp?num_id=NTYwNg==,data\cdsco\adr\053_Carvedilol_Hyperkalemia.pdf
54,AmlodipineA,Alopecia,2019-Jun-13,CDSCO,https://cdsco.gov.in/opencms/opencms/en/Notifications/Adverse-Drug-Reaction-related-Notifications/,https://cdsco.gov.in/opencms/opencms/system/modules/CDSCO.WEB/elements/download_file_division.jsp?num_id=NTYwOA==,data\cdsco\adr\054_AmlodipineA_Alopecia.pdf
55,Cefepime,Urticaria,2019-Jun-12,CDSCO,https://cdsco.gov.in/opencms/opencms/en/Notifications/Adverse-Drug-Reaction-related-Notifications/,https://cdsco.gov.in/opencms/opencms/system/modules/CDSCO.WEB/elements/download_file_division.jsp?num_id=NTYwMQ==,data\cdsco\adr\055_Cefepime_Urticaria.pdf
56,Sulfasalazine(SJS),Steven Johnson Syndrome(SJS),2019-Jun-12,CDSCO,https://cdsco.gov.in/opencms/opencms/en/Notifications/Adverse-Drug-Reaction-related-Notifications/,https://cdsco.gov.in/opencms/opencms/system/modules/CDSCO.WEB/elements/download_file_division.jsp?num_id=NTYwNA==,data\cdsco\adr\056_Sulfasalazine(SJS)_Steven_Johnson_Syndrome(SJS).pdf
57,Sulfasalazine(TEN),Toxic Epidermal Necrolysis(TEN),2019-Jun-12,CDSCO,https://cdsco.gov.in/opencms/opencms/en/Notifications/Adverse-Drug-Reaction-related-Notifications/,https://cdsco.gov.in/opencms/opencms/system/modules/CDSCO.WEB/elements/download_file_division.jsp?num_id=NTYwNQ==,data\cdsco\adr\057_Sulfasalazine(TEN)_Toxic_Epidermal_Necrolysis(TEN).pdf
58,Terbinafine,Acute Generalised Exanthematous Pustulosis (AGEP),2019-Jun-12,CDSCO,https://cdsco.gov.in/opencms/opencms/en/Notifications/Adverse-Drug-Reaction-related-Notifications/,https://cdsco.gov.in/opencms/opencms/system/modules/CDSCO.WEB/elements/download_file_division.jsp?num_id=NTYwMg==,data\cdsco\adr\058_Terbinafine_Acute_Generalised_Exanthematous_Pustulosis_(AGEP).pdf
59,Fluconazole,Hyperpigmentation,2019-Jun-12,CDSCO,https://cdsco.gov.in/opencms/opencms/en/Notifications/Adverse-Drug-Reaction-related-Notifications/,https://cdsco.gov.in/opencms/opencms/system/modules/CDSCO.WEB/elements/download_file_division.jsp?num_id=NTYwMw==,data\cdsco\adr\059_Fluconazole_Hyperpigmentation.pdf
60,Sodium Valproate,Gum Hyperplasia Adverse Reaction,2019-Apr-09,CDSCO,https://cdsco.gov.in/opencms/opencms/en/Notifications/Adverse-Drug-Reaction-related-Notifications/,https://cdsco.gov.in/opencms/opencms/system/modules/CDSCO.WEB/elements/download_file_division.jsp?num_id=NTU5OQ==,data\cdsco\adr\060_Sodium_Valproate_Gum_Hyperplasia_Adverse_Reaction.pdf
61,Cefixime,Acute Generalised Exanthematosus Pustulosis (AGEP),2019-Apr-09,CDSCO,https://cdsco.gov.in/opencms/opencms/en/Notifications/Adverse-Drug-Reaction-related-Notifications/,https://cdsco.gov.in/opencms/opencms/system/modules/CDSCO.WEB/elements/download_file_division.jsp?num_id=MTQxNDU=,data\cdsco\adr\061_Cefixime_Acute_Generalised_Exanthematosus_Pustulosis_(AGEP).pdf
62,Cefotaxime,Angioedema Adverse Reaction,2019-Apr-09,CDSCO,https://cdsco.gov.in/opencms/opencms/en/Notifications/Adverse-Drug-Reaction-related-Notifications/,https://cdsco.gov.in/opencms/opencms/system/modules/CDSCO.WEB/elements/download_file_division.jsp?num_id=NTU5NA==,data\cdsco\adr\062_Cefotaxime_Angioedema_Adverse_Reaction.pdf
63,Ofloxacin,Steven Johnson Syndrome(SJS)/ Toxic Epidermal Necrolysis(TEN,2019-Apr-09,CDSCO,https://cdsco.gov.in/opencms/opencms/en/Notifications/Adverse-Drug-Reaction-related-Notifications/,https://cdsco.gov.in/opencms/opencms/system/modules/CDSCO.WEB/elements/download_file_division.jsp?num_id=NTU5NQ==,data\cdsco\adr\063_Ofloxacin_Steven_Johnson_Syndrome(SJS)_Toxic_Epidermal_Necrolysis(TEN.pdf
64,Quetiapine,Urinary incontinence,2019-Apr-09,CDSCO,https://cdsco.gov.in/opencms/opencms/en/Notifications/Adverse-Drug-Reaction-related-Notifications/,https://cdsco.gov.in/opencms/opencms/system/modules/CDSCO.WEB/elements/download_file_division.jsp?num_id=NTU5Nw==,data\cdsco\adr\064_Quetiapine_Urinary_incontinence.pdf
65,Sulfasalazine,Drug Rash with Eosinophilia and Systemic Symptom (DRESS),2019-Apr-09,CDSCO,https://cdsco.gov.in/opencms/opencms/en/Notifications/Adverse-Drug-Reaction-related-Notifications/,https://cdsco.gov.in/opencms/opencms/system/modules/CDSCO.WEB/elements/download_file_division.jsp?num_id=NTU5OA==,data\cdsco\adr\065_Sulfasalazine_Drug_Rash_with_Eosinophilia_and_Systemic_Symptom_(DRESS).pdf
66,Anti-Rabies vaccine,Erythema Multiforme,2016-Oct-04,CDSCO,https://cdsco.gov.in/opencms/opencms/en/Notifications/Adverse-Drug-Reaction-related-Notifications/,https://cdsco.gov.in/opencms/opencms/system/modules/CDSCO.WEB/elements/download_file_division.jsp?num_id=MTQxNjc=,data\cdsco\adr\066_Anti-Rabies_vaccine_Erythema_Multiforme.pdf
67,FDC of Piperacillin and Tazobactam,"Hypokalaemia, Bronchospasm",2015-Dec-23,CDSCO,https://cdsco.gov.in/opencms/opencms/en/Notifications/Adverse-Drug-Reaction-related-Notifications/,https://cdsco.gov.in/opencms/opencms/system/modules/CDSCO.WEB/elements/download_file_division.jsp?num_id=NTU5Mw==,"data\cdsco\adr\067_FDC_of_Piperacillin_and_Tazobactam_Hypokalaemia,_Bronchospasm.pdf"
68,Carbamazepine,Steven Johnson Syndrome(SJS)/ Toxic Epidermal Necrolysis(TEN),2015-May-12,CDSCO,https://cdsco.gov.in/opencms/opencms/en/Notifications/Adverse-Drug-Reaction-related-Notifications/,https://cdsco.gov.in/opencms/opencms/system/modules/CDSCO.WEB/elements/download_file_division.jsp?num_id=NTU5Mg==,data\cdsco\adr\068_Carbamazepine_Steven_Johnson_Syndrome(SJS)_Toxic_Epidermal_Necrolysis(TEN).pdf
